{
  "dependencies": {
    "mssql1": {
      "serviceConnectorResourceId": "/subscriptions/[parameters('subscriptionId')]/resourcegroups/[parameters('resourceGroupName')]/providers/Microsoft.Web/sites/ComercioValoShop/providers/Microsoft.ServiceLinker/linkers/ConnectionStringsDefaultConnection_FC268F6E62",
      "secretStore": "AzureAppSettings",
      "resourceId": "/subscriptions/[parameters('subscriptionId')]/resourceGroups/[parameters('resourceGroupName')]/providers/Microsoft.Sql/servers/servercomversh/databases/BDComercio",
      "type": "mssql.azure",
      "connectionId": "ConnectionStrings:DefaultConnection"
    }
  }
}