{
  "$schema": "https://schema.management.azure.com/schemas/2018-05-01/subscriptionDeploymentTemplate.json#",
  "contentVersion": "1.0.0.0",
  "parameters": {
    "resourceGroupName": {
      "type": "string",
      "defaultValue": "Lenguajes",
      "metadata": {
        "_parameterType": "resourceGroup",
        "description": "Nombre del grupo de recursos del recurso. Se recomienda poner los recursos en el mismo grupo de recursos para mejorar el seguimiento."
      }
    },
    "resourceGroupLocation": {
      "type": "string",
      "defaultValue": "centralus",
      "metadata": {
        "_parameterType": "location",
        "description": "Ubicación del grupo de recursos. Los grupos de recursos podrían tener una ubicación distinta a la de los recursos."
      }
    },
    "resourceLocation": {
      "type": "string",
      "defaultValue": "[parameters('resourceGroupLocation')]",
      "metadata": {
        "_parameterType": "location",
        "description": "Ubicación del recurso. Use la ubicación del grupo de recursos de forma predeterminada, a menos que no se admita ahí el proveedor de recursos."
      }
    }
  },
  "resources": [
    {
      "type": "Microsoft.Resources/resourceGroups",
      "name": "[parameters('resourceGroupName')]",
      "location": "[parameters('resourceGroupLocation')]",
      "apiVersion": "2019-10-01"
    },
    {
      "type": "Microsoft.Resources/deployments",
      "name": "[concat(parameters('resourceGroupName'), 'Deployment', uniqueString(concat('BDComercio', subscription().subscriptionId)))]",
      "resourceGroup": "[parameters('resourceGroupName')]",
      "apiVersion": "2019-10-01",
      "dependsOn": [
        "[parameters('resourceGroupName')]"
      ],
      "properties": {
        "mode": "Incremental",
        "template": {
          "$schema": "https://schema.management.azure.com/schemas/2019-04-01/deploymentTemplate.json#",
          "contentVersion": "1.0.0.0",
          "resources": [
            {
              "kind": "v12.0",
              "location": "[parameters('resourceLocation')]",
              "name": "servercomversh",
              "type": "Microsoft.Sql/servers",
              "apiVersion": "2017-10-01-preview"
            },
            {
              "sku": {
                "name": "Basic",
                "tier": "Basic",
                "capacity": 5
              },
              "kind": "v12.0,user",
              "location": "[parameters('resourceLocation')]",
              "name": "servercomversh/BDComercio",
              "type": "Microsoft.Sql/servers/databases",
              "apiVersion": "2017-10-01-preview",
              "dependsOn": [
                "servercomversh"
              ]
            }
          ]
        }
      }
    }
  ],
  "metadata": {
    "_dependencyType": "mssql.azure"
  }
}